Company name;Domain name;Phone;Email;Rating;Total reviews
www.visualglassdecor.co.uk;http://www.visualglassdecor.co.uk;;;5.00;1
originalseeds.com;http://originalseeds.com;;;3.00;1
reviewdc.co.uk;http://reviewdc.co.uk;;;5.00;1
"P &amp; D, Milton Keynes";http://www.cyclelife.com/milton-keynes/aboutus;;;5.00;1
www.pasdriving.co.uk;http://www.pasdriving.co.uk;;;5.00;1
ECA Toolfast ;https://www.ecatoolfast.com/;01163033350;;5.00;4
www.rytontyrecentre.co.uk;http://www.rytontyrecentre.co.uk;;;5.00;1
www.promanagement-us.com;http://www.promanagement-us.com;;;5.00;1
www.limoona.co.uk;http://www.limoona.co.uk;;;5.00;1
https://www.kemilway.com;http://www.kemilway.com;;;1.00;1
BBC Rent A Car ?????;https://bbcrentacar.com;;office@bbcrentacar.com;5.00;2
Bonds Estate Agent;http://www.bondsestateagent.com;01491 598530;daniel@bondsestateagent.com;5.00;2
gowlingwlg.com;http://gowlingwlg.com;;;1.00;1
www.ponysameday.com;http://www.ponysameday.com;;;5.00;1
MXIM;https://mxim.co.uk;;info@mxim.co.uk;5.00;2
http://www.gctravel-ltd.com/index.html;http://www.gctravel-ltd.com;;;5.00;1
http://www.gctravel-ltd.com/index.html;http://www.gctravel-ltd.com;;;5.00;1
www.cheshireaggregates.co.uk;http://www.cheshireaggregates.co.uk;;;5.00;1
www.idealhomesltd.co.uk;http://www.idealhomesltd.co.uk;;;1.00;1
Park Lane Orthodontics ;https://www.parklaneorthodontics.co.uk;01189411628;paula@parklaneorthodontics.co.uk;5.00;6
www.aimglobalpng.com;http://www.aimglobalpng.com;;;5.00;1
www.nationwidehomeserve.co.uk;http://www.nationwidehomeserve.co.uk;;;1.00;1
Fuego Wood Fired Ovens;https://www.fuegowoodfiredovens.com/;;;5.00;1
Company name;Domain name;Phone;Email;Rating;Total reviews
www.visualglassdecor.co.uk;http://www.visualglassdecor.co.uk;;;5.00;1
originalseeds.com;http://originalseeds.com;;;3.00;1
reviewdc.co.uk;http://reviewdc.co.uk;;;5.00;1
"P &amp; D, Milton Keynes";http://www.cyclelife.com/milton-keynes/aboutus;;;5.00;1
www.pasdriving.co.uk;http://www.pasdriving.co.uk;;;5.00;1
ECA Toolfast ;https://www.ecatoolfast.com/;01163033350;;5.00;4
www.rytontyrecentre.co.uk;http://www.rytontyrecentre.co.uk;;;5.00;1
www.promanagement-us.com;http://www.promanagement-us.com;;;5.00;1
www.limoona.co.uk;http://www.limoona.co.uk;;;5.00;1
https://www.kemilway.com;http://www.kemilway.com;;;1.00;1
BBC Rent A Car ?????;https://bbcrentacar.com;;office@bbcrentacar.com;5.00;2
Bonds Estate Agent;http://www.bondsestateagent.com;01491 598530;daniel@bondsestateagent.com;5.00;2
gowlingwlg.com;http://gowlingwlg.com;;;1.00;1
www.ponysameday.com;http://www.ponysameday.com;;;5.00;1
MXIM;https://mxim.co.uk;;info@mxim.co.uk;5.00;2
http://www.gctravel-ltd.com/index.html;http://www.gctravel-ltd.com;;;5.00;1
http://www.gctravel-ltd.com/index.html;http://www.gctravel-ltd.com;;;5.00;1
www.cheshireaggregates.co.uk;http://www.cheshireaggregates.co.uk;;;5.00;1
www.idealhomesltd.co.uk;http://www.idealhomesltd.co.uk;;;1.00;1
Park Lane Orthodontics ;https://www.parklaneorthodontics.co.uk;01189411628;paula@parklaneorthodontics.co.uk;5.00;6
www.aimglobalpng.com;http://www.aimglobalpng.com;;;5.00;1
www.nationwidehomeserve.co.uk;http://www.nationwidehomeserve.co.uk;;;1.00;1
Fuego Wood Fired Ovens;https://www.fuegowoodfiredovens.com/;;;5.00;1
www.cumparituriddu.it;http://www.cumparituriddu.it;;;5.00;1
123 Estate Agent ;http://123estateagent.co.uk;02039507068;allan@123estateagent.co.uk;5.00;10
identification-solutions.co.uk;http://identification-solutions.co.uk;;;5.00;1
www.bluebirdcare.co.uk/pontypool-ebbw-vale;http://www.bluebirdcare.co.uk/pontypool-ebbw-vale;;;5.00;1
Musclegun;https://muscleguns.co.uk;;;5.00;4
www.manormix.com;http://www.manormix.com;;;;1
1st Scenic Ltd;http://www.1stscenic.co.uk;01689 768259;info@1stscenic.co.uk;4.75;4
Zipdash | Courier Service;https://www.zipdashuk.com;0203 985 3100;hello@zipdashuk.com;5.00;5
https://chesterfield-rspca.org.uk/;http://chesterfield-rspca.org.uk;;;;1
www.eurocarparts.co.uk;http://www.eurocarparts.co.uk;;;2.50;2
https://bo-borsa.com/;http://bo-borsa.com;;;5.00;2
https://www.womenstylenow.com;http://www.womenstylenow.com;;;;1
https://www.womenstylenow.com;http://www.womenstylenow.com;;;;1
https://www.ibadahlondon.com;http://www.ibadahlondon.com;;;;1
www.ctrlmobile.co.uk;http://www.ctrlmobile.co.uk;;;;1
Building Plastics Online Ltd;https://www.plasticbuildingsupplies.com/;0808 164 9014;info@bpoltd.co.uk;4.45;33
Cotswold Trading;https://www.cotswoldtrading.com/;01386 853331;enquiries@cotswoldtrading.com;4.89;38
www.refurbs2you.co.uk;http://www.refurbs2you.co.uk;;;;1
www.razorpit.com;http://www.razorpit.com;;;;1
www.razorpit.com;http://www.razorpit.com;;;;1
The PE Hub;http://www.thepehub.co.uk;+441216616530;info@thepehub.co.uk;4.75;4
https://www.nerdywriters.co.uk;http://www.nerdywriters.co.uk;;;;1
fanssuply.com;http://fanssuply.com;;;;1
Najvape ;http://najvape.com;07456861961;;5.00;1
Vuk Banqueting Suite;https://www.eventsvuk.co.uk/;0203 920 6110;info@eventsvuk.co.uk;5.00;10
www.nctx.co.uk;http://www.nctx.co.uk;;;;1
HeliDrone;http://helidronesurveys.co.uk;07890759505;;5.00;1
http://executivecorpservices.com/;http://executivecorpservices.com;;;;1
https://www.moneymaxim.co.uk/;http://www.moneymaxim.co.uk;;;;1
Formula One Autocentres;https://www.f1autocentres.co.uk/;01438746633;careline@f1autocentres.com;3.01;70
https://tranzitt.co.uk;http://tranzitt.co.uk;;;5.00;4
www.qoscomms.co.uk;http://www.qoscomms.co.uk;;;2.00;1
https://unlockbro.com/;http://unlockbro.com;;;5.00;4
Emma Hardie;http://emmahardie.com;;;3.00;1
RTO Materials;https://www.rtomaterials.com.au;1800 836 074;sales@rtomaterials.com.au;4.00;1
Shire Doors Ebay;;;;1.00;1
plumber.rightio.co.uk;http://plumber.rightio.co.uk;;;1.00;1
HR GO ;https://www.hrgo.co.uk;01233 722423;;4.35;20
precisionarborists.com;http://precisionarborists.com;;;5.00;1
www.amalfieasyrentals.com;http://www.amalfieasyrentals.com;;;1.00;1
Bushey DVD;http://www.busheydvd.co.uk;020 8133 9287;alan@busheydvd.co.uk;4.93;42
www.shredbase.co.uk;http://www.shredbase.co.uk;;;5.00;1
www.go-assist.co.uk/bosch-repairs;http://www.go-assist.co.uk/bosch-repairs;;;1.00;1
www.tlcsport.com;http://www.tlcsport.com;;;5.00;1
https://mykring.com/en/;http://mykring.com;;;1.00;1
www.fvtled.com;http://www.fvtled.com;;;5.00;2
www.benonscatering.co.uk;http://www.benonscatering.co.uk;;;4.00;1
http://mendipfireplacesbath.co.uk;http://mendipfireplacesbath.co.uk;;;5.00;1
Hamilton and Mason Group;http://www.hamiltonandmason.co.uk;08001972796;;4.90;10
www.fixithomecare.co.uk;http://www.fixithomecare.co.uk;;;1.00;1
https://sautestyles.com/;http://sautestyles.com;;;1.00;2
